{"cameraMode":{"drawMode":0,"name":"Shaded","section":"Shading Mode"},"sceneLighting":true,"audioPlay":false,"sceneViewState":{"showFog":false,"showMaterialUpdate":false,"showSkybox":false,"showFlares":false,"showImageEffects":false,"showParticleSystems":false},"in2DMode":false,"pivot":{"x":-0.6999998092651367,"y":0.809999942779541,"z":-10.625},"rotation":{"x":0.019879868254065515,"y":0.9566484093666077,"z":-0.28370144963264468,"w":0.06637244671583176},"size":55.072166442871097,"orthographic":false}