{"cameraMode":{"drawMode":0,"name":"Shaded","section":"Shading Mode"},"sceneLighting":true,"audioPlay":false,"sceneViewState":{"showFog":false,"showMaterialUpdate":false,"showSkybox":false,"showFlares":false,"showImageEffects":false,"showParticleSystems":false},"in2DMode":false,"pivot":{"x":0.11704999208450318,"y":0.44593000411987307,"z":0.0},"rotation":{"x":0.000477694469736889,"y":0.9987289309501648,"z":-0.010801819153130055,"w":0.05431220307946205},"size":0.41807258129119875,"orthographic":false}