{"cameraMode":{"drawMode":0,"name":"Shaded","section":"Shading Mode"},"sceneLighting":true,"audioPlay":false,"sceneViewState":{"showFog":false,"showMaterialUpdate":false,"showSkybox":false,"showFlares":false,"showImageEffects":false,"showParticleSystems":false},"in2DMode":false,"pivot":{"x":-5.948208332061768,"y":2.8685672283172609,"z":-22.752656936645509},"rotation":{"x":-0.12898848950862885,"y":0.015460669994354248,"z":-0.0024465450551360847,"w":-0.9919990301132202},"size":3.434950351715088,"orthographic":false}