{"cameraMode":{"drawMode":0,"name":"Shaded","section":"Shading Mode"},"sceneLighting":true,"audioPlay":false,"sceneViewState":{"showFog":false,"showMaterialUpdate":false,"showSkybox":false,"showFlares":false,"showImageEffects":false,"showParticleSystems":false},"in2DMode":false,"pivot":{"x":0.11388534307479859,"y":0.29093143343925478,"z":-0.11106348037719727},"rotation":{"x":0.001186494599096477,"y":0.97890704870224,"z":-0.004666646011173725,"w":0.20591703057289124},"size":0.7164756655693054,"orthographic":false}