{"cameraMode":{"drawMode":0,"name":"Shaded","section":"Shading Mode"},"sceneLighting":true,"audioPlay":false,"sceneViewState":{"showFog":false,"showMaterialUpdate":false,"showSkybox":false,"showFlares":false,"showImageEffects":false,"showParticleSystems":false},"in2DMode":false,"pivot":{"x":12.213321685791016,"y":2.6114399433135988,"z":-2.282916784286499},"rotation":{"x":-0.13643354177474976,"y":0.8272293210029602,"z":-0.227926105260849,"w":-0.4955284297466278},"size":13.525927543640137,"orthographic":false}