{"cameraMode":{"drawMode":0,"name":"Shaded","section":"Shading Mode"},"sceneLighting":false,"audioPlay":false,"sceneViewState":{"showFog":true,"showMaterialUpdate":false,"showSkybox":false,"showFlares":true,"showImageEffects":true,"showParticleSystems":true},"in2DMode":false,"pivot":{"x":0.6514462828636169,"y":3.160224437713623,"z":0.7980741262435913},"rotation":{"x":0.1289699375629425,"y":0.024133732542395593,"z":-0.0032616883981972934,"w":0.9917945861816406},"size":3.883540391921997,"orthographic":false}