{"cameraMode":{"drawMode":0,"name":"Shaded","section":"Shading Mode"},"sceneLighting":true,"audioPlay":false,"sceneViewState":{"showFog":true,"showMaterialUpdate":false,"showSkybox":true,"showFlares":true,"showImageEffects":true,"showParticleSystems":true},"in2DMode":false,"pivot":{"x":-1.600298285484314,"y":1.4886618852615357,"z":-7.738619327545166},"rotation":{"x":-0.07314792275428772,"y":-0.3871734142303467,"z":0.03183278441429138,"w":-0.9190727472305298},"size":7.470046043395996,"orthographic":false}