{"cameraMode":{"drawMode":0,"name":"Shaded","section":"Shading Mode"},"sceneLighting":true,"audioPlay":false,"sceneViewState":{"showFog":true,"showMaterialUpdate":false,"showSkybox":true,"showFlares":true,"showImageEffects":true,"showParticleSystems":true,"showVisualEffectGraphs":true},"in2DMode":false,"pivot":{"x":-4.4386420249938969,"y":0.7419514656066895,"z":-0.5518360137939453},"rotation":{"x":-0.23348179459571839,"y":-0.04337168112397194,"z":0.011260365135967732,"w":-0.9718371629714966},"size":13.061400413513184,"orthographic":false}