{"cameraMode":{"drawMode":0,"name":"Shaded","section":"Shading Mode"},"sceneLighting":true,"audioPlay":false,"sceneViewState":{"showFog":true,"showMaterialUpdate":false,"showSkybox":true,"showFlares":true,"showImageEffects":true,"showParticleSystems":true,"showVisualEffectGraphs":true},"in2DMode":false,"pivot":{"x":2.1394972801208498,"y":-3.26324462890625,"z":8.98971176147461},"rotation":{"x":-0.2674606144428253,"y":-0.08620261400938034,"z":0.02487398497760296,"w":-0.9598973393440247},"size":30.26604461669922,"orthographic":false}