{"cameraMode":{"drawMode":0,"name":"Shaded","section":"Shading Mode"},"sceneLighting":false,"audioPlay":false,"sceneViewState":{"showFog":true,"showMaterialUpdate":false,"showSkybox":false,"showFlares":true,"showImageEffects":true,"showParticleSystems":true,"showVisualEffectGraphs":true},"in2DMode":false,"pivot":{"x":1.0579522848129273,"y":1.7978219985961915,"z":2.6449713706970217},"rotation":{"x":-0.15551598370075227,"y":0.06411692500114441,"z":-0.008854382671415806,"w":-0.9862518310546875},"size":4.61702823638916,"orthographic":false}