{"cameraMode":{"drawMode":0,"name":"Shaded","section":"Shading Mode"},"sceneLighting":true,"audioPlay":false,"sceneViewState":{"showFog":true,"showMaterialUpdate":false,"showSkybox":true,"showFlares":true,"showImageEffects":true,"showParticleSystems":true,"showVisualEffectGraphs":true},"in2DMode":false,"pivot":{"x":-2.651193618774414,"y":1.5766921043395997,"z":2.729246139526367},"rotation":{"x":-0.14381615817546845,"y":-0.8560893535614014,"z":0.35545042157173159,"w":-0.3479542136192322},"size":9.806195259094239,"orthographic":false}