{"cameraMode":{"drawMode":0,"name":"Shaded","section":"Shading Mode"},"sceneLighting":true,"audioPlay":false,"sceneViewState":{"showFog":true,"showMaterialUpdate":false,"showSkybox":true,"showFlares":true,"showImageEffects":true,"showParticleSystems":true,"showVisualEffectGraphs":true},"in2DMode":false,"pivot":{"x":4.166994094848633,"y":0.6548690795898438,"z":11.555606842041016},"rotation":{"x":-0.062183935195207599,"y":-0.16758914291858674,"z":0.012012154795229435,"w":-0.9845564365386963},"size":16.132095336914064,"orthographic":false}