{"cameraMode":{"drawMode":0,"name":"Shaded","section":"Shading Mode"},"sceneLighting":true,"audioPlay":false,"sceneViewState":{"m_AlwaysRefresh":false,"showFog":true,"showSkybox":true,"showFlares":true,"showImageEffects":true,"showParticleSystems":true,"showVisualEffectGraphs":true,"m_FxEnabled":false},"in2DMode":false,"pivot":{"x":-3.0556836128234865,"y":1.0784456729888917,"z":-13.271305084228516},"rotation":{"x":-0.06000106409192085,"y":0.6342946290969849,"z":-0.043267928063869479,"w":-0.7710427045822144},"size":5.424745559692383,"orthographic":false}