{"cameraMode":{"drawMode":0,"name":"Shaded","section":"Shading Mode"},"sceneLighting":false,"audioPlay":false,"sceneViewState":{"showFog":true,"showMaterialUpdate":false,"showSkybox":false,"showFlares":true,"showImageEffects":true,"showParticleSystems":true,"showVisualEffectGraphs":true},"in2DMode":false,"pivot":{"x":-0.06112038344144821,"y":1.2420471906661988,"z":3.1559998989105226},"rotation":{"x":-0.07445093989372254,"y":-0.4253149926662445,"z":0.036155443638563159,"w":-0.9017865061759949},"size":2.632514715194702,"orthographic":false}